date,txVolume,txCount,marketcap,price,exchangeVolume,generatedCoins,fees,symbol
7/08/2015,5684639.71,2016,0,2.83,164329,27437.65625,37.31841351,eth
8/08/2015,4692095.194,2807,167911000,2.79,674188,27943.4375,68.09997007,eth
9/08/2015,822968.5064,1298,42637600,0.706136,532170,27178.28125,14.0989497,eth
10/08/2015,1193011.288,1999,43130000,0.713989,405283,27817.34375,31.16514444,eth
11/08/2015,1051922.387,4945,42796500,0.708087,1463100,28027.8125,11.31144859,eth
12/08/2015,792332.721,1993,64018400,1.06,2150620,27370.9375,32.5869924,eth
13/08/2015,2181178.652,2807,73935400,1.22,4068680,28268.125,24.92916911,eth
14/08/2015,4154762.744,3144,109594000,1.81,4637030,31106.71875,14.35483411,eth
15/08/2015,8336306.792,2264,109160000,1.8,2554360,28512.65625,8.836593028,eth
16/08/2015,2870425.718,2422,102028000,1.68,3550790,27094.53125,6.677237925,eth
17/08/2015,3546720.033,2503,95819700,1.58,1942830,28118.90625,7.64281184,eth
18/08/2015,1889437.076,2485,88143200,1.22,1485680,26162.8125,11.90607134,eth
19/08/2015,1345002.293,3224,84663900,1.17,1486240,27282.03125,15.43095067,eth
20/08/2015,521679.8076,2266,90809000,1.25,2843760,21057.03125,6.855566943,eth
21/08/2015,868536.9585,3888,107266000,1.48,2020970,26690.9375,7.855041725,eth
22/08/2015,692395.5571,3562,101404000,1.4,948310,27550.46875,42.54717183,eth
23/08/2015,687012.1175,4126,99894500,1.38,1589300,26255.625,8.049767673,eth
24/08/2015,623945.2454,4423,97791600,1.35,924920,27333.28125,8.87628542,eth
25/08/2015,499939.8473,4449,89321900,1.23,1307180,26736.09375,8.259755825,eth
26/08/2015,496507.8597,4112,82384400,1.13,1056750,26137.96875,7.447729279,eth
27/08/2015,319146.9605,5568,85106100,1.17,686662,24532.8125,8.670963043,eth
28/08/2015,345519.9479,4723,83521700,1.15,721872,24225.15625,9.925148371,eth
29/08/2015,512109.4264,4109,86887600,1.19,375377,22525,5.507451526,eth
30/08/2015,490782.1774,4547,86145900,1.18,1337650,21453.59375,5.634173742,eth
31/08/2015,508000.9748,5165,96251000,1.32,1447180,21293.4375,7.424533814,eth
1/09/2015,1916754.265,5114,98617200,1.35,778862,20339.21875,7.843769856,eth
2/09/2015,374646.6118,5160,98504600,1.35,883769,18391.09375,8.153735331,eth
3/09/2015,723808.3525,4738,94418700,1.3,702991,17380.9375,6.970025674,eth
4/09/2015,222451.2934,5601,92234100,1.26,474391,23081.875,9.733856361,eth
5/09/2015,214369.1175,5471,93402300,1.28,448453,25629.0625,9.141228324,eth
6/09/2015,396954.2379,5489,97625500,1.34,491968,26168.28125,8.055487735,eth
7/09/2015,263278.9001,5626,94585300,1.3,489014,25460.46875,9.256422396,eth
8/09/2015,329606.8219,5604,91020700,1.25,427892,25888.75,10.3799263,eth
9/09/2015,1420839.173,5577,90518300,1.24,366748,26431.40625,9.840601069,eth
10/09/2015,249258.7547,5328,88230500,1.21,662782,26444.21875,7.925807171,eth
11/09/2015,842671.3987,6439,85144300,1.16,1942600,27238.59375,8.876728153,eth
12/09/2015,214854.4682,5555,72179000,0.987228,772430,26402.34375,11.35483319,eth
13/09/2015,232924.671,6017,76193600,1.04,644138,26171.40625,9.578725674,eth
14/09/2015,251532.0977,5542,68814400,0.940566,741085,25588.125,9.901548419,eth
15/09/2015,528121.7419,5390,64052400,0.875189,703390,25615.3125,8.426997145,eth
16/09/2015,522113.2241,5846,68963300,0.941977,615593,26318.125,15.14661708,eth
17/09/2015,268192.3159,5343,66415200,0.906865,897940,25435.625,8.556523791,eth
18/09/2015,356656.4913,5733,64071300,0.874574,484622,25894.21875,11.83482107,eth
19/09/2015,331975.533,5154,62262700,0.849603,386988,27187.1875,7.982204373,eth
20/09/2015,115939.607,6341,64600000,0.881191,508314,27982.65625,10.96964547,eth
21/09/2015,148483.7981,6244,69045900,0.941496,424039,26651.875,10.18074194,eth
22/09/2015,178937.0815,6759,67444200,0.919337,487914,26370.3125,11.40414518,eth
23/09/2015,118464.0732,7369,66309600,0.90356,200541,27080.3125,10.7002671,eth
24/09/2015,275064.0026,6185,65836400,0.896796,842505,26385.78125,10.31950627,eth
25/09/2015,542954.7807,5801,60221400,0.820031,903457,27003.4375,9.836594916,eth
26/09/2015,185398.4888,5903,54188900,0.73763,369620,25910.3125,9.289146479,eth
27/09/2015,302982.7867,5732,58149600,0.791277,413801,25011.09375,8.42387045,eth
28/09/2015,516557.9655,6102,53201800,0.723715,1320890,24714.21875,9.272346609,eth
29/09/2015,234208.7173,5715,42607700,0.579414,913992,24364.6875,8.877328421,eth
30/09/2015,337049.0088,5834,48636600,0.661192,619926,25097.5,8.385327116,eth
1/10/2015,395443.3595,6402,54032300,0.734307,596084,27422.03125,8.767949463,eth
2/10/2015,101770.4468,6053,50328700,0.683732,219318,26913.125,9.765296663,eth
3/10/2015,83472.35791,6101,49981900,0.678783,163326,26453.75,9.791648364,eth
4/10/2015,190487.1838,6619,50556000,0.686343,103497,25480.15625,9.431925786,eth
5/10/2015,109299.047,6226,49131600,0.666784,234263,26136.875,11.48677351,eth
6/10/2015,315241.2515,6440,45863300,0.622218,262674,25036.5625,9.995299954,eth
7/10/2015,201786.9551,7100,47964700,0.650515,218327,26133.59375,12.18298992,eth
8/10/2015,191033.8313,6912,44955900,0.609501,310266,26778.4375,11.97293337,eth
9/10/2015,146902.6186,6751,48334900,0.655084,386420,25451.40625,11.30921838,eth
10/10/2015,82385.52827,6519,47325200,0.641187,141555,25499.6875,11.38281162,eth
11/10/2015,95944.42056,6011,46327500,0.627461,102128,26507.03125,8.998794599,eth
12/10/2015,171873.5743,6527,46864200,0.634515,109567,26803.75,10.70380732,eth
13/10/2015,258212.8819,6765,46395200,0.627943,303044,26668.28125,12.3232488,eth
14/10/2015,607655.4526,6772,45250600,0.61224,971664,25875.625,11.83199852,eth
15/10/2015,418401.4162,6424,38688300,0.523278,371022,25610.46875,18.87034386,eth
16/10/2015,202601.8553,6748,41608900,0.562593,249891,25441.40625,21.17944655,eth
17/10/2015,130246.0168,6508,39515900,0.534117,313860,26450.625,12.29146245,eth
18/10/2015,99784.3085,6442,40550400,0.547913,133690,25848.28125,13.1130126,eth
19/10/2015,266430.6377,6550,38321300,0.517621,243742,25966.71875,11.69921914,eth
20/10/2015,245597.1518,5867,36261200,0.489629,383921,26192.5,11.5270198,eth
21/10/2015,300832.2947,6159,31973600,0.431589,609085,26046.40625,10.15585773,eth
22/10/2015,275561.3181,5909,32977300,0.444988,924822,25330.78125,13.20050484,eth
23/10/2015,437771.3186,6768,41986400,0.56637,878822,27554.84375,13.74794139,eth
24/10/2015,53895.30277,6234,40022100,0.539681,258356,27118.75,10.69663822,eth
25/10/2015,147459.1285,5677,41781300,0.563207,635384,26814.21875,9.079512126,eth
26/10/2015,443409.269,5896,45991300,0.619743,1089120,25912.1875,10.77326712,eth
27/10/2015,1342211.337,6687,52624300,0.70889,1846370,27529.375,18.90289758,eth
28/10/2015,853649.1296,7298,64676600,0.870938,2373050,26344.6875,10.89869663,eth
29/10/2015,522938.9081,7793,74675600,1.01,2279240,27510.78125,12.55075174,eth
30/10/2015,1463340.706,7842,89857400,1.21,2429200,27720.15625,13.46632166,eth
31/10/2015,290238.7805,7499,77800300,1.05,673892,27751.5625,15.4824256,eth
1/11/2015,134005.2216,6890,68477200,0.920847,588913,28180.15625,16.17026107,eth
2/11/2015,373003.7448,6522,78701400,1.06,1145200,27134.21875,10.39601397,eth
3/11/2015,591937.053,7354,74010000,0.994568,1907690,27605.78125,12.24035099,eth
4/11/2015,813332.0738,7004,75232400,1.01,3060340,27716.40625,9.392856951,eth
5/11/2015,310000.0942,7440,67070700,0.900699,1179840,27291.40625,10.59389052,eth
6/11/2015,848836.9253,7828,67397100,0.904772,913666,27422.1875,15.93627016,eth
7/11/2015,393479.4127,10863,68833200,0.923732,890187,26715.3125,32.07991979,eth
8/11/2015,821063.3436,12342,68254300,0.915661,1021460,27289.0625,29.52687888,eth
9/11/2015,975381.9002,7656,76991800,1.03,2045290,27059.53125,11.26310292,eth
10/11/2015,891132.501,8061,74685300,1,854581,27444.0625,15.35119263,eth
11/11/2015,283710.3599,10173,70236200,0.941296,1278580,27819.0625,23.07679133,eth
12/11/2015,223759.7949,9500,59448700,0.796455,806156,28032.03125,25.8891012,eth
13/11/2015,423125.5517,7830,67777000,0.907722,543671,28185.15625,14.58330246,eth
14/11/2015,256807.2196,7187,67631900,0.905469,372514,28357.65625,18.53403351,eth
15/11/2015,156460.6787,7138,66590200,0.891217,411848,28120.15625,11.48397409,eth
16/11/2015,395085.8469,7407,67730700,0.906166,620945,27395.15625,10.26963597,eth
17/11/2015,1070401.114,7115,69157900,0.924948,1145440,27793.59375,9.596829651,eth
18/11/2015,197659.9897,7330,74287700,0.993214,681104,27252.03125,10.3214754,eth
19/11/2015,271338.0216,8834,73976100,0.988713,443528,26563.4375,15.86393951,eth
20/11/2015,185962.0146,6328,71532500,0.955735,614335,25130.46875,11.98689924,eth
21/11/2015,124541.3117,6780,69535300,0.928758,455976,26782.1875,11.24491006,eth
22/11/2015,250851.8897,7053,73378800,0.979765,372173,26988.59375,11.24171533,eth
23/11/2015,662337.8645,8205,72484200,0.967493,441875,27272.34375,13.31608472,eth
24/11/2015,372556.8453,7107,70931100,0.946442,524195,26848.125,12.96649103,eth
25/11/2015,168352.5214,7074,67010200,0.893827,622991,26471.875,12.45963099,eth
26/11/2015,837964.09,7262,64740900,0.863273,947473,26538.4375,9.30701048,eth
27/11/2015,598994.4441,6628,66174600,0.8821,403813,27886.875,9.399192619,eth
28/11/2015,104774.6048,6801,65147000,0.868102,462464,27201.09375,14.56713057,eth
29/11/2015,173995.4052,6830,68625100,0.914144,448358,27350.9375,9.090792117,eth
30/11/2015,207334.5475,8966,66080400,0.879951,784439,27360,20.81575154,eth
1/12/2015,195994.7831,6753,65980000,0.878316,652857,27542.8125,13.07438894,eth
2/12/2015,257351.0216,6471,65615700,0.873171,506307,26007.03125,11.43812253,eth
3/12/2015,181143.2841,6938,61530500,0.818546,539969,28063.28125,10.66607761,eth
4/12/2015,136370.595,6823,61065700,0.812082,241278,26679.375,12.37234232,eth
5/12/2015,121090.5238,6724,63276000,0.841195,232743,26581.875,13.08482451,eth
6/12/2015,207369.5215,8945,65194900,0.866417,443608,26255.78125,17.14740422,eth
7/12/2015,377754.6268,7090,62950900,0.836322,520409,26718.90625,9.642772252,eth
8/12/2015,142951.3058,6657,60690400,0.806024,445903,26312.5,9.146200894,eth
9/12/2015,202087.3428,6963,62098400,0.824454,624221,28324.0625,10.13698943,eth
10/12/2015,172508.9267,7388,59945000,0.79559,369589,27477.34375,11.34093504,eth
11/12/2015,268100.8568,8051,63312400,0.839995,801072,27022.8125,16.85244379,eth
12/12/2015,452377.8319,8170,70210000,0.931196,1376280,27206.5625,23.12314318,eth
13/12/2015,314251.884,7334,73276400,0.971538,273614,27907.34375,18.73210971,eth
14/12/2015,295321.0774,15478,72176400,0.95662,563436,26708.59375,74.65243956,eth
15/12/2015,530148.9963,21062,74764100,0.990589,578618,27014.53125,114.4078583,eth
16/12/2015,1487848.805,10272,76791600,1.02,320767,26457.34375,44.21678187,eth
17/12/2015,436395.4726,9507,74999300,0.993043,640765,26883.125,32.40107521,eth
18/12/2015,222673.0108,8920,70890600,0.938327,300787,26671.5625,32.18142145,eth
19/12/2015,209991.8681,9304,69644200,0.921524,343535,26694.53125,28.51623093,eth
20/12/2015,186639.5987,9852,68663100,0.90824,472164,26436.09375,34.42717002,eth
21/12/2015,212202.9117,12003,68521200,0.906065,549113,26457.8125,39.119194,eth
22/12/2015,212682.9644,21004,67704600,0.894973,454249,27374.375,59.16252572,eth
23/12/2015,123611.7522,22711,65215800,0.861782,334993,27399.375,81.42599075,eth
24/12/2015,107067.4719,13480,65060000,0.859433,354646,26686.5625,45.75463786,eth
25/12/2015,59140.38977,9505,65275400,0.861993,187114,26803.59375,26.5940593,eth
26/12/2015,126471.2118,10694,65961900,0.870766,425282,26560.15625,31.29618519,eth
27/12/2015,67737.44213,21856,64650000,0.853166,164565,26853.75,86.63434503,eth
28/12/2015,378461.0367,12325,64913200,0.856356,235134,27057.96875,36.40049069,eth
29/12/2015,241549.406,11292,63985600,0.843835,215742,26661.09375,33.18921105,eth
30/12/2015,188128.8338,21716,66314200,0.874258,604078,26736.25,76.132284,eth
31/12/2015,355305.0726,10257,69207400,0.912098,663994,26908.28125,25.06732465,eth
1/01/2016,321708.3749,8206,70870900,0.933712,206062,26070.3125,15.65089494,eth
2/01/2016,245604.1973,9140,71933100,0.947401,255504,27383.90625,19.35979081,eth
3/01/2016,347988.6065,9248,71275900,0.93843,407632,27675.78125,19.44831668,eth
4/01/2016,149811.5481,9425,73853900,0.972045,346245,27420.625,21.3104319,eth
5/01/2016,987732.1151,16380,72442400,0.953147,219833,27839.21875,60.3564445,eth
6/01/2016,248781.8224,17007,72229700,0.950028,308791,27625.46875,66.53391845,eth
7/01/2016,334745.2418,22025,72692900,0.955801,647462,27022.1875,65.5065476,eth
8/01/2016,185057.495,10891,71724000,0.942752,545600,27996.71875,26.04950754,eth
9/01/2016,207720.1285,11692,75001800,0.985501,226281,27595.78125,39.30051752,eth
10/01/2016,138866.8514,10255,75031200,0.985557,390888,27287.96875,26.32605277,eth
11/01/2016,504162.0456,10846,76096500,0.999216,1011920,27005.15625,25.51356511,eth
12/01/2016,1059789.476,10824,81217300,1.07,2898760,25900.78125,25.63072227,eth
13/01/2016,482477.3466,17634,86530000,1.14,1005910,26535.3125,60.31260944,eth
14/01/2016,372400.0461,10617,85539300,1.12,751961,26919.21875,26.77617641,eth
15/01/2016,1115559.387,9827,90321700,1.18,3910550,26797.34375,23.16012422,eth
16/01/2016,696879.8975,10622,93099400,1.22,2462630,26523.125,22.65025706,eth
17/01/2016,452570.1856,9707,93207300,1.22,1171150,26599.84375,17.0397022,eth
18/01/2016,3013698.201,12883,101699000,1.33,4278930,26620.15625,30.91880998,eth
19/01/2016,1761829.187,13383,108628000,1.42,2446740,26092.8125,35.57695823,eth
20/01/2016,816295.2625,10549,104124000,1.36,2933220,26542.5,19.01349187,eth
21/01/2016,757377.6744,10636,117111000,1.53,1614960,25919.21875,20.29597583,eth
22/01/2016,1424488.233,13752,118244000,1.55,1567240,26255,31.18132507,eth
23/01/2016,1715780.588,10946,115002000,1.5,7370980,25769.6875,17.43280341,eth
24/01/2016,3649253.114,12715,145358000,1.9,9669770,27239.21875,23.73088258,eth
25/01/2016,4599895.088,17048,164313000,2.15,10739300,25700.78125,40.19124286,eth
26/01/2016,3656139.968,16451,193838000,2.53,13939200,26985.46875,37.89805755,eth
27/01/2016,2737151.844,18660,172061000,2.25,6961080,26104.53125,56.86014672,eth
28/01/2016,2221830.047,16692,184294000,2.41,4903850,26560.9375,41.35601104,eth
29/01/2016,2193242.678,16323,194815000,2.54,6662340,26164.21875,37.41034343,eth
30/01/2016,2484925.855,14594,192176000,2.51,3725080,26193.125,35.42928217,eth
31/01/2016,2672115.689,14092,187289000,2.44,5847500,25681.875,33.88376937,eth
1/02/2016,1391891.831,14122,177881000,2.32,3994100,26431.25,32.53922742,eth
2/02/2016,1374775.084,14242,169923000,2.22,3451270,25864.6875,29.46292784,eth
3/02/2016,1507493.465,14218,186609000,2.43,3987750,27301.71875,27.72917548,eth
4/02/2016,834721.4698,14273,194126000,2.53,3552320,26562.34375,32.71750186,eth
5/02/2016,1481566.124,15140,197363000,2.57,2636700,26558.59375,38.97437149,eth
6/02/2016,592095.1098,31337,194621000,2.53,1921240,26345.78125,240.7828361,eth
7/02/2016,2274794.973,14219,194884000,2.54,7007060,26684.6875,53.12073391,eth
8/02/2016,4375792.908,14598,228504000,2.97,9725690,26651.875,37.81242736,eth
9/02/2016,4966029.426,15453,244110000,3.17,17954000,26474.21875,50.16692548,eth
10/02/2016,7746949.514,17079,307684000,4,28640400,26161.25,58.88424437,eth
11/02/2016,8085998.402,21064,345964000,4.5,26408200,26477.8125,46.52354727,eth
12/02/2016,12510236.45,18001,457618000,5.95,23360800,26498.90625,33.06554542,eth
13/02/2016,7352170.23,19247,437667000,5.69,24218800,26884.6875,36.11858571,eth
14/02/2016,4965400.471,16571,416193000,5.4,11226500,26329.0625,27.7730443,eth
15/02/2016,3903432.194,17096,410643000,5.33,13934200,26225.3125,30.72534296,eth
16/02/2016,6928102.166,17458,410605000,5.33,15889100,26445.78125,33.29452081,eth
17/02/2016,3234725.829,19901,330635000,4.29,15451000,25672.03125,41.01939368,eth
18/02/2016,4248506.449,16895,291068000,3.77,17054000,26214.84375,29.26992335,eth
19/02/2016,2164082.769,17788,338222000,4.38,7666320,26655.46875,37.03600329,eth
20/02/2016,5578710.35,16664,361281000,4.68,8631090,26560.78125,26.7916449,eth
21/02/2016,2079867.795,16981,336572000,4.36,6413550,26536.5625,28.14068031,eth
22/02/2016,3748825.584,18096,360185000,4.66,15056200,26757.8125,32.54911106,eth
23/02/2016,8805613.8,18357,439084000,5.68,13380600,26170,94.16436625,eth
24/02/2016,11730399.64,19476,432977000,5.6,11426500,26426.875,52.03207134,eth
25/02/2016,5711754.036,19412,478149000,6.19,21471800,26823.75,31.61284309,eth
26/02/2016,24230968.16,20374,466797000,6.04,9526860,26654.0625,50.86164043,eth
27/02/2016,12949284.32,18903,461169000,5.96,8903210,26196.09375,28.37474469,eth
28/02/2016,4995519.511,18954,495545000,6.41,9851660,26425.78125,29.3587208,eth
29/02/2016,4596368.73,20146,499587000,6.46,7648020,25229.53125,32.94419021,eth
1/03/2016,8239273.95,21664,489188000,6.32,23098100,26481.09375,33.95084033,eth
2/03/2016,27459006.43,23485,591078000,7.63,29130200,26644.21875,39.07876264,eth
3/03/2016,17711687.59,24751,653959000,8.44,40314900,26111.25,35.33273109,eth
4/03/2016,13963343.49,24159,716027000,9.24,35520100,25881.5625,33.96317959,eth
5/03/2016,29697496.08,26956,803827000,10.37,56439600,26585.9375,33.89815281,eth
6/03/2016,18066961.25,27548,868736000,11.2,39112000,25399.6875,37.69212263,eth
7/03/2016,16904671.19,23178,886447000,11.43,34085100,25985.46875,30.37725763,eth
8/03/2016,20568777.7,23950,743456000,9.58,25524300,25823.125,33.34746394,eth
9/03/2016,11011841.97,24374,760017000,9.79,27540500,25740.78125,26.06417143,eth
10/03/2016,10185027.71,24727,922452000,11.88,26851500,26630,20.34666205,eth
11/03/2016,10552682.56,23042,871511000,11.22,21002700,26302.5,19.2479048,eth
12/03/2016,16998327.66,27799,864733000,11.13,48957300,26370.15625,24.29392528,eth
13/03/2016,26786524.93,28014,1049930000,13.51,43915100,27250.46875,25.64171478,eth
14/03/2016,23688567.85,28359,1128180000,14.51,58385100,26407.96875,27.78870853,eth
15/03/2016,16846968.22,29149,1011090000,13,28404500,31223.59375,24.0129654,eth
16/03/2016,14514876.87,27458,1013020000,13.02,24335500,31490.15625,23.87278595,eth
17/03/2016,21905195.81,33445,977389000,12.56,41650600,32024.53125,31.66809802,eth
18/03/2016,26172947.55,31727,867949000,11.11,53956800,31282.8125,27.43268868,eth
19/03/2016,8872183.792,34712,875689000,11.2,26735700,32079.0625,44.28537964,eth
20/03/2016,5845868.777,32304,822297000,10.52,17651100,31587.65625,35.72885385,eth
21/03/2016,9182491.741,32327,805997000,10.3,28572600,31394.21875,32.46238907,eth
22/03/2016,8144005.31,32812,929610000,11.88,19730300,31711.875,26.1394891,eth
23/03/2016,6495245.542,31562,887595000,11.33,19353200,31294.0625,32.65829833,eth
24/03/2016,11870464.14,36705,975295000,12.44,26081800,32071.09375,41.40978263,eth
25/03/2016,6241282.387,36665,883012000,11.26,13782000,31889.84375,40.35489183,eth
26/03/2016,3591618.475,36537,844742000,10.77,9425480,31928.4375,35.05642051,eth
27/03/2016,12895208.47,29895,862211000,10.99,16744800,31630.78125,19.20990776,eth
28/03/2016,8274565.853,33508,819007000,10.43,23188300,31313.4375,26.38212609,eth
29/03/2016,15192583.04,33803,923114000,11.75,17684200,31437.8125,23.91278989,eth
30/03/2016,15858748.79,36649,911902000,11.61,19351200,31700.46875,37.37748142,eth
31/03/2016,10705688.89,31397,936992000,11.92,14966700,31388.90625,25.0216633,eth
1/04/2016,4362306.539,33194,896537000,11.4,11373100,31884.6875,24.23740989,eth
2/04/2016,4374118.651,29155,914995000,11.63,8682620,31081.25,18.06566395,eth
3/04/2016,2538095.154,29479,915175000,11.63,5580550,31729.6875,17.93687287,eth
4/04/2016,5104529.655,34797,914560000,11.62,9599070,31953.125,24.86941592,eth
5/04/2016,7698526.709,39041,883170000,11.21,20557300,31574.84375,28.60692728,eth
6/04/2016,6153894.357,31977,823420000,10.45,16997100,31262.65625,21.67913276,eth
7/04/2016,7746868.61,31756,843091000,10.7,13464500,31167.34375,21.41271949,eth
8/04/2016,5543466.182,33911,794705000,10.08,14660600,31914.375,25.16753827,eth
9/04/2016,12665352.97,31859,764797000,9.69,16194800,30913.59375,19.99806,eth
10/04/2016,10802857.83,32161,722133000,9.15,42613400,31774.21875,19.44701295,eth
11/04/2016,5574518.642,30227,706074000,8.94,15138100,30970.9375,18.65650291,eth
12/04/2016,9421411.048,34592,682395000,8.64,23190100,31385.9375,22.90601215,eth
13/04/2016,8466729.515,35988,587994000,7.44,31403300,31486.09375,32.96712421,eth
14/04/2016,7626684.277,34716,638330000,8.08,13590700,31401.09375,31.7285716,eth
15/04/2016,4965797.177,34895,663169000,8.39,12179000,31733.4375,23.37887423,eth
16/04/2016,3571858.659,30432,651554000,8.24,9888460,31531.25,17.22448278,eth
17/04/2016,7109867.775,40159,682467000,8.62,24619600,31499.375,30.2081937,eth
18/04/2016,5957899.078,33457,738916000,9.33,21084100,31863.28125,20.09918782,eth
19/04/2016,3710246.065,32577,718825000,9.08,12899100,31326.5625,19.10494585,eth
20/04/2016,5863270.969,32843,688434000,8.69,15634700,31831.40625,23.84841061,eth
21/04/2016,3999733.566,36181,670104000,8.45,13355400,31373.90625,30.38082605,eth
22/04/2016,6147374.376,31586,646298000,8.15,13309300,31576.71875,20.57607956,eth
23/04/2016,7899555.596,31763,618147000,7.79,14565200,31693.59375,19.51394475,eth
24/04/2016,3111077.224,33970,658203000,8.29,10786400,31493.75,22.48601452,eth
25/04/2016,5709828.1,35325,635784000,8.01,18239900,32138.28125,23.86216618,eth
26/04/2016,8761555.114,32495,597819000,7.53,17667300,31287.8125,21.65938348,eth
27/04/2016,5777260.532,33772,587076000,7.39,19254500,31875,20.45015273,eth
28/04/2016,6025711.866,34251,615316000,7.74,11576000,31682.5,22.63862385,eth
29/04/2016,4384710.092,37277,573124000,7.21,8762080,31683.59375,23.43525292,eth
30/04/2016,20174849.69,45676,592992000,7.45,36573300,31891.71875,32.15245606,eth
1/05/2016,15499781.26,38442,698377000,8.78,16713800,31009.0625,36.70066924,eth
2/05/2016,17058092.78,41654,708137000,8.89,41019200,31912.1875,27.4278674,eth
3/05/2016,14343392.05,37701,809644000,10.17,21463900,31794.375,26.84099023,eth
4/05/2016,10316379.06,37333,747638000,9.38,17622400,31458.75,27.32274703,eth
5/05/2016,10384630.37,38564,749038000,9.4,18296200,31776.25,31.13481144,eth
6/05/2016,20087422.85,41105,782261000,9.81,21510600,31741.40625,35.17488906,eth
7/05/2016,14177187.12,35795,743166000,9.32,10806500,31573.125,24.22782343,eth
8/05/2016,13341710.99,39960,748030000,9.37,15031000,31849.21875,28.90090128,eth
9/05/2016,19259678.75,38421,758000000,9.49,13085300,31801.40625,26.34193389,eth
10/05/2016,19192356.12,40566,741417000,9.28,9321790,31700.9375,27.70144955,eth
11/05/2016,28794883.36,40649,753600000,9.43,15267500,31253.125,31.62682582,eth
12/05/2016,32664390.06,44830,798952000,10,24137700,32257.03125,39.26253972,eth
13/05/2016,81784685.89,47587,804647000,10.06,31276900,32196.71875,43.19000994,eth
14/05/2016,62166782.18,45649,840395000,10.51,18808000,31667.8125,35.45133507,eth
15/05/2016,15320022.31,42986,819399000,10.24,9218400,31805.46875,31.30520736,eth
16/05/2016,14878197.23,37150,798116000,9.97,29079900,31514.6875,27.59843982,eth
17/05/2016,14809048.7,40019,896505000,11.19,37198700,32192.1875,28.46673738,eth
18/05/2016,22172358.94,45760,975878000,12.18,65389900,32404.375,35.07004511,eth
19/05/2016,36040562.45,44361,1085570000,13.54,53757500,31903.59375,33.14467512,eth
20/05/2016,33602814.49,44957,1191080000,14.85,50544100,32089.6875,38.02796937,eth
21/05/2016,13659739.83,41727,1098220000,13.69,24648400,31835.78125,35.79993114,eth
22/05/2016,9438789.697,38433,1126810000,14.04,17938900,32260,28.87608911,eth
23/05/2016,17881207.83,43655,1146470000,14.28,23842800,32080.625,29.63440934,eth
24/05/2016,23464157.54,42785,1068670000,13.31,41560600,32003.28125,28.59580668,eth
25/05/2016,21957301.31,46282,1027940000,12.79,27444700,32357.03125,32.73341817,eth
26/05/2016,16054008.17,50948,1006080000,12.52,20764000,32044.375,35.55839584,eth
27/05/2016,32401610.94,48529,996293000,12.39,57496400,32321.71875,37.99566145,eth
28/05/2016,25072096.12,68241,911724000,11.33,47274800,32318.59375,80.97278645,eth
29/05/2016,12174437.1,45291,974784000,12.11,28598400,31969.21875,38.78872291,eth
30/05/2016,12484729.18,42691,992329000,12.33,14733800,32007.1875,31.85574682,eth
31/05/2016,13010027,44174,1026410000,12.74,42433400,31529.21875,31.15423768,eth
1/06/2016,11117655.53,41938,1136900000,14.11,22471300,32147.96875,31.20075421,eth
2/06/2016,6988740.879,39467,1127830000,13.99,10477200,32182.1875,25.8601071,eth
3/06/2016,8607840.175,39713,1108220000,13.74,22981500,32272.1875,25.24008971,eth
4/06/2016,6447793.656,37751,1118460000,13.86,15792400,32141.5625,24.38353275,eth
5/06/2016,6261589.748,37754,1110690000,13.76,11088400,31583.125,23.83880608,eth
6/06/2016,6723135.922,38518,1130350000,14,8720400,32371.875,25.86618627,eth
7/06/2016,13967639.38,46008,1126330000,13.95,21421600,31945.9375,67.48211214,eth
8/06/2016,31226829.07,40289,1172230000,14.51,16941800,32302.96875,28.43081219,eth
9/06/2016,6670070.204,39565,1166450000,14.43,8256830,32225.9375,28.89476701,eth
10/06/2016,12872878.82,40048,1162500000,14.38,11312900,31164.21875,28.89651161,eth
11/06/2016,7331480.366,36776,1125180000,13.91,12176500,32371.71875,27.22463024,eth
12/06/2016,15608527.54,42385,1148070000,14.19,38210300,32220.625,29.164101,eth
13/06/2016,18625608.06,45771,1276930000,15.77,38023400,32224.21875,36.90645282,eth
14/06/2016,24910990.22,49857,1426500000,17.61,64412200,32145.46875,38.46921144,eth
15/06/2016,17362158.47,43059,1531790000,18.91,19393400,31867.03125,30.45637591,eth
16/06/2016,27213052.32,42787,1488420000,18.36,38531000,31877.65625,40.81529225,eth
17/06/2016,86871706.84,63730,1674540000,20.65,199408000,33412.65625,229.3060042,eth
18/06/2016,79113407.83,57751,1247530000,15.38,133937000,34390.9375,271.1949112,eth
19/06/2016,20269851.81,50584,906292000,11.17,69783600,33195.46875,54.12748468,eth
20/06/2016,32009615.75,46698,993503000,12.24,58143600,31714.84375,51.76721771,eth
21/06/2016,21124909.5,47092,960014000,11.82,69245600,31988.4375,82.84443513,eth
22/06/2016,27236334.6,48353,1072510000,13.2,96994100,32670.625,51.44506417,eth
23/06/2016,23490805.4,41237,1074240000,13.22,30806400,31848.125,31.97826969,eth
24/06/2016,15367720.47,45105,1112590000,13.68,33332900,32171.875,39.42674817,eth
25/06/2016,17981538.11,36529,1163530000,14.3,15383100,31685.9375,28.30164822,eth
26/06/2016,8879312.034,41513,1160590000,14.26,14747600,32314.6875,27.46798579,eth
27/06/2016,9013527.234,39529,1124170000,13.81,10994700,32094.84375,27.65805652,eth
28/06/2016,21720485.63,42923,1134340000,13.93,43436600,32161.40625,32.10017793,eth
29/06/2016,15430631.71,49707,991926000,12.17,26982800,31870,56.85645211,eth
30/06/2016,10947244.52,63819,1027260000,12.6,15801300,31982.96875,87.88741116,eth
1/07/2016,10696549.23,39552,1014220000,12.44,17236500,32621.40625,45.45409621,eth
2/07/2016,5656333.35,39186,996510000,12.22,8987070,31916.5625,24.37560555,eth
3/07/2016,6230248.185,39621,989132000,12.12,10588700,32039.6875,30.72687659,eth
4/07/2016,13692861.96,39825,954849000,11.7,12943500,32137.1875,26.77288096,eth
5/07/2016,41255884.68,38506,935730000,11.46,45526900,31581.5625,30.15888166,eth
6/07/2016,11233399.33,37712,864063000,10.58,18137300,32354.84375,29.69207732,eth
7/07/2016,10391924.66,40329,861144000,10.54,15407200,31895.9375,26.61330045,eth
8/07/2016,6983290.703,42210,827090000,10.12,20039800,31949.53125,39.34748355,eth
9/07/2016,6762488.684,39896,933946000,11.42,17254800,32798.125,49.11468467,eth
10/07/2016,7280454.957,39242,896899000,10.96,5479240,31965.46875,27.64605388,eth
11/07/2016,8823086.689,38430,895670000,10.94,13098000,31985.3125,28.54869326,eth
12/07/2016,9048467.201,39597,855555000,10.45,11127700,31757.34375,32.63863904,eth
13/07/2016,9904930.47,35569,860770000,10.51,6715660,32157.96875,24.74975016,eth
14/07/2016,9857487.932,42593,868509000,10.6,23621900,31815.15625,32.40964188,eth
15/07/2016,44925963.72,40991,942817000,11.5,26838900,31884.6875,29.14697037,eth
16/07/2016,9320870.591,37999,977658000,11.92,10445700,32166.09375,23.88086019,eth
17/07/2016,8881489.736,33849,953762000,11.62,17921600,31781.71875,19.64701243,eth
18/07/2016,31952619.34,39107,917151000,11.17,15931900,32498.125,25.65326528,eth
19/07/2016,107762534.4,44086,907135000,11.05,21730000,31773.90625,29.21789857,eth
20/07/2016,162825323.3,49675,952143000,11.59,60226100,31911.09375,75.58568767,eth
21/07/2016,21921878.04,44687,1024000000,12.46,24636900,32787.5,34.21052072,eth
22/07/2016,38482684.01,48288,1040640000,12.66,74779500,31690.625,37.41784761,eth
23/07/2016,38582313.11,44923,1206190000,14.67,32489700,32391.25,33.0563052,eth
24/07/2016,183314006.2,58122,1176250000,14.3,77750800,31480,37.34635349,eth
25/07/2016,125016413.7,54691,1048920000,12.74,36673800,31991.5625,39.43033771,eth
26/07/2016,287407809.7,61701,1137660000,13.82,94428800,30770,45.48888508,eth
27/07/2016,150289144.2,51992,992645000,12.05,58278800,32945.3125,38.24012561,eth
28/07/2016,99187877.87,48344,1069560000,12.98,24603900,32354.21875,63.95126238,eth
29/07/2016,68574948.77,46930,1058220000,12.84,14082300,31939.375,45.68204827,eth
30/07/2016,48195345.19,41925,1055410000,12.8,9047810,31641.71875,29.99046921,eth
31/07/2016,45082665.92,48662,1026310000,12.44,25441400,32219.53125,30.3715109,eth
1/08/2016,64720923.43,45919,981735000,11.89,23999500,31594.375,30.44180227,eth
2/08/2016,111269769.1,48872,903978000,10.95,88803300,31355.15625,33.96400381,eth
3/08/2016,77771645.16,49346,733204000,8.88,53979400,31703.90625,33.0260361,eth
4/08/2016,37980242.89,46559,851992000,10.31,38151400,32856.5625,32.41190047,eth
5/08/2016,46228154.42,43089,910856000,11.02,15487900,32232.03125,29.4046126,eth
6/08/2016,19791860.79,41377,902752000,10.92,16712600,31586.09375,26.05450904,eth
7/08/2016,22798647.89,42880,898340000,10.86,16551000,32294.84375,27.69603243,eth
8/08/2016,23211893.93,42789,903184000,10.91,14956700,32175.9375,53.89657543,eth
9/08/2016,35712870.11,46695,933431000,11.27,36656600,32666.40625,31.4768204,eth
10/08/2016,58978899.17,45893,1012910000,12.23,28096300,32162.96875,33.42224228,eth
11/08/2016,47262829.54,47851,1005720000,12.14,17505000,32196.09375,32.08672164,eth
12/08/2016,26849256.38,44066,968865000,11.69,13690100,32112.03125,30.19986677,eth
13/08/2016,23503036.64,40891,975999000,11.77,7539490,31998.90625,25.07781385,eth
14/08/2016,18654435.72,40545,960855000,11.58,8680160,31965.15625,24.19811888,eth
15/08/2016,16046058.36,42234,929558000,11.2,7500840,32332.65625,27.15515556,eth
16/08/2016,10487367.22,48880,932162000,11.23,7051510,32037.1875,31.16428493,eth
17/08/2016,19649803.29,44805,924591000,11.13,8833760,31994.53125,28.70173901,eth
18/08/2016,12746921.55,47731,892903000,10.75,6935800,32789.0625,36.0614908,eth
19/08/2016,11026704.07,42893,893156000,10.75,5390850,31841.40625,29.83235875,eth
20/08/2016,16660412.06,41253,893814000,10.75,7443540,32228.125,26.60769533,eth
21/08/2016,39968156.51,42468,936015000,11.25,4355660,32699.84375,29.01744247,eth
22/08/2016,25010022.94,44161,930708000,11.19,6588920,32289.6875,29.90945609,eth
23/08/2016,49946372.68,48028,927065000,11.14,6489380,32187.03125,72.11857086,eth
24/08/2016,11029422.49,46724,918039000,11.02,4423420,32273.4375,30.00325878,eth
25/08/2016,10198398.79,49762,918977000,11.03,8552380,32135.625,32.48290393,eth
26/08/2016,22218435.31,47246,946092000,11.35,5857850,31871.40625,31.57593595,eth
27/08/2016,10881913.62,47889,941585000,11.29,15108400,32306.40625,28.57993924,eth
28/08/2016,9252287.092,42580,929690000,11.15,5303040,32024.21875,25.72725672,eth
29/08/2016,13020490.81,45441,910698000,10.92,8130540,31930.15625,29.40689668,eth
30/08/2016,9426117.358,46872,917474000,10.99,7221260,31871.09375,32.24637659,eth
31/08/2016,12280701.76,45771,938406000,11.24,11073700,32138.28125,29.99766426,eth
1/09/2016,23131550.41,47430,974844000,11.67,24051500,31744.6875,31.74365594,eth
2/09/2016,20991572.86,55316,999757000,11.96,9368300,32384.0625,45.22987797,eth
3/09/2016,15145481.72,44765,1012580000,12.11,13358800,31495.9375,27.18074981,eth
4/09/2016,17433395.03,48066,982952000,11.75,7220550,31859.6875,49.33606776,eth
5/09/2016,9499487.654,42454,977169000,11.68,5724100,32194.0625,28.62886746,eth
6/09/2016,11344162.09,48888,981303000,11.73,6346330,31681.40625,33.38026673,eth
7/09/2016,10302109.73,48547,979087000,11.69,6115050,32267.8125,34.19942435,eth
8/09/2016,17511514.59,55832,967010000,11.55,11535000,31908.59375,41.20653978,eth
9/09/2016,7932457.961,53507,956210000,11.41,6109200,32216.875,41.89687901,eth
10/09/2016,7800680.436,42595,977515000,11.66,7220300,31830.625,27.40706334,eth
11/09/2016,10321578.58,43291,1023640000,12.21,8791180,32352.96875,28.54804571,eth
12/09/2016,10819500.53,44320,976645000,11.64,7478080,32237.03125,35.02999901,eth
13/09/2016,11379522.27,42499,997638000,11.89,11704300,31904.84375,30.39217184,eth
14/09/2016,8961322.049,53693,999352000,11.9,5694820,32528.75,36.29935897,eth
15/09/2016,7364668.085,52522,1002970000,11.94,7309090,32182.8125,36.22695515,eth
16/09/2016,27144651.86,57334,1004740000,11.96,17421500,32239.0625,46.93201365,eth
17/09/2016,10043370.53,46836,1055440000,12.56,7446610,32155,35.28131815,eth
18/09/2016,19874708.91,37734,1066620000,12.69,22433300,29573.90625,29.6452624,eth
19/09/2016,11469223.03,40477,1045870000,12.44,13838800,34276.875,27.61737771,eth
20/09/2016,48695726.93,53967,1111810000,13.21,31929100,32492.5,32.8255676,eth
21/09/2016,58371360.58,44311,1214950000,14.43,28645000,32083.75,30.17218606,eth
22/09/2016,25773645.03,52594,1150650000,13.66,27382800,31605.625,63.14613194,eth
23/09/2016,27032758.89,35208,1112590000,13.21,9166430,34276.875,49.03093137,eth
24/09/2016,17838758.89,43295,1122670000,13.32,9824880,33324.21875,71.02947473,eth
25/09/2016,31967554.23,38641,1083510000,12.85,5283440,34394.21875,67.14020109,eth
26/09/2016,19116431.4,43448,1110700000,13.17,7213070,32127.65625,115.6392056,eth
27/09/2016,14571186.4,46771,1085330000,12.86,6831070,35287.5,98.5407521,eth
28/09/2016,32698581.21,42726,1106330000,13.11,10239000,32403.4375,68.13269113,eth
29/09/2016,28043862.48,40002,1121060000,13.28,5990630,32313.4375,41.27925801,eth
30/09/2016,11941478.82,35590,1104530000,13.08,5950840,31623.28125,40.25902679,eth
1/10/2016,10871461.74,53033,1115690000,13.2,6331160,34478.59375,91.3894999,eth
2/10/2016,23656361.42,50920,1114200000,13.18,4079660,35749.53125,87.47521667,eth
3/10/2016,8057917.076,47056,1116600000,13.2,7458320,33282.65625,65.92753264,eth
4/10/2016,9444778.966,34074,1137980000,13.45,8348280,32054.53125,85.36779295,eth
5/10/2016,13817431.78,40876,1124270000,13.28,9881370,33081.5625,64.16574449,eth
6/10/2016,12139306.9,35896,1102940000,13.03,12044800,32822.5,50.2581089,eth
7/10/2016,12028798.9,43522,1088570000,12.85,8933050,36571.25,53.56977025,eth
8/10/2016,13323800.13,37109,1073990000,12.67,11611200,36094.6875,56.3805619,eth
9/10/2016,31603875.33,43242,1035590000,12.22,7208480,33425.625,60.02357006,eth
10/10/2016,31177064.69,43727,1022860000,12.06,10809200,33130.9375,54.63668968,eth
11/10/2016,27052724.86,40560,997949000,11.76,11727700,32479.53125,39.19865461,eth
12/10/2016,30964787.13,29943,1000220000,11.78,9694640,33092.65625,44.18646314,eth
13/10/2016,12152335.17,32213,1011190000,11.91,8665190,34826.25,112.6585011,eth
14/10/2016,31588920.21,41958,1018390000,11.99,4333510,32913.75,75.24662027,eth
15/10/2016,13851206.64,33652,1014280000,11.94,4991840,32207.1875,69.082723,eth
16/10/2016,19157480.3,34982,1018540000,11.98,3617280,32930.3125,66.99710041,eth
17/10/2016,21942137.17,38085,1016710000,11.96,5724440,32374.0625,71.53950337,eth
18/10/2016,34360816.02,51666,1020530000,12,18864200,33324.0625,96.86327472,eth
19/10/2016,13359418.03,38237,1071710000,12.59,10576200,33142.1875,92.76412162,eth
20/10/2016,8755901.386,43331,1025620000,12.05,8170760,34536.5625,54.94496562,eth
21/10/2016,7522418.569,57738,1033140000,12.13,5676920,32126.875,41.96456691,eth
22/10/2016,6112528.171,37510,1037850000,12.18,7583820,31702.65625,27.6596726,eth
23/10/2016,5250775.407,35309,1033970000,12.13,5774660,31331.875,26.36303684,eth
24/10/2016,7846055.885,52440,1026400000,12.04,5739690,32061.875,48.59063005,eth
25/10/2016,13233405.71,46551,1020850000,11.97,19316000,31664.53125,43.1961563,eth
26/10/2016,10602825.51,44792,971440000,11.38,10221800,31956.875,35.28918498,eth
27/10/2016,10679657.22,44162,984361000,11.53,13255400,31445,33.34429095,eth
28/10/2016,17675451.21,41381,979916000,11.47,13971500,31079.0625,35.89208134,eth
29/10/2016,20739829.83,39950,948271000,11.1,27070400,29625.78125,31.12248177,eth
30/10/2016,25326469.8,39262,891164000,10.43,16694900,31964.21875,30.59147767,eth
31/10/2016,13956061.58,44904,960008000,11.23,13393900,32021.25,33.41482553,eth
1/11/2016,31686180.53,48526,937123000,10.96,22901300,30498.4375,41.19268589,eth
2/11/2016,46424096.03,43439,921691000,10.77,11691700,31142.03125,29.19753574,eth
3/11/2016,107504511.5,42275,924097000,10.8,15228600,31215.9375,29.70314027,eth
4/11/2016,12969021.59,32514,926129000,10.82,9958040,30923.59375,21.70136374,eth
5/11/2016,9589420.041,37619,950213000,11.09,5502670,31424.53125,24.59806368,eth
6/11/2016,5658778.451,34318,941729000,10.99,5688710,31800.15625,23.28271888,eth
7/11/2016,6992509.426,41880,934536000,10.9,5992480,33259.0625,29.02982313,eth
8/11/2016,7334481.955,41440,930345000,10.85,6258150,32327.1875,31.46834313,eth
9/11/2016,22038322.39,40374,928063000,10.82,14606600,31002.34375,34.98542559,eth
10/11/2016,10903260.13,39725,915940000,10.67,4253980,31210.78125,35.37743557,eth
11/11/2016,39425541.16,40981,902479000,10.51,6056300,31339.375,44.23578159,eth
12/11/2016,12793689.15,40794,883780000,10.29,10052500,31950,30.71775839,eth
13/11/2016,12526414.87,43576,849342000,9.89,8227770,32424.21875,33.92647096,eth
14/11/2016,5397422.88,43604,867755000,10.1,3573250,31884.21875,38.31456257,eth
15/11/2016,10316734.07,45161,857223000,9.97,6557550,31437.03125,37.0273981,eth
16/11/2016,11056031.14,41411,878610000,10.22,9533550,31581.40625,34.92424018,eth
17/11/2016,32329190.77,40640,865393000,10.06,6984700,30808.59375,30.42880001,eth
18/11/2016,10806893.39,43588,859571000,9.99,10816100,33100.78125,34.70116949,eth
19/11/2016,8162244.727,39229,816380000,9.48,5186540,32331.09375,27.90021683,eth
20/11/2016,6179673.332,41912,832050000,9.66,5173420,32456.40625,32.59646883,eth
21/11/2016,6338475.538,42182,825381000,9.58,3663210,31815.3125,35.25151168,eth
22/11/2016,24933511.78,53485,829616000,9.63,11284400,31177.5,38.09484581,eth
23/11/2016,24183728.05,64191,855265000,9.92,4812310,32621.875,82.22907797,eth
24/11/2016,8273030.509,36727,849229000,9.85,15987800,32401.40625,58.89329241,eth
25/11/2016,14033740.88,57092,796268000,9.23,7669720,33431.71875,59.80974804,eth
26/11/2016,6627892.057,40745,812795000,9.42,3505990,32496.5625,72.59888123,eth
27/11/2016,6634627.921,44386,804085000,9.31,8707660,33706.71875,114.9160502,eth
28/11/2016,7173752.069,48286,777311000,9,6046890,33939.84375,122.2192756,eth
29/11/2016,11506953.17,46941,754307000,8.73,17000400,32977.96875,101.5894448,eth
30/11/2016,9682313.26,39066,705040000,8.16,10626600,31840,35.31984015,eth
1/12/2016,8959684.241,36994,743882000,8.6,5882340,31748.28125,27.22313652,eth
2/12/2016,28048691.75,41559,731520000,8.46,18579800,31796.40625,28.08175722,eth
3/12/2016,37500831.26,41285,672138000,7.77,12112100,32116.40625,25.9100852,eth
4/12/2016,13369771.41,39587,684258000,7.9,8450790,31172.5,26.25906785,eth
5/12/2016,27013313.76,41478,641820000,7.41,17344500,31231.5625,31.26022778,eth
6/12/2016,42577382.05,48039,589548000,6.8,50671200,31978.75,34.72419036,eth
7/12/2016,19284878.51,41552,684258000,7.89,22229600,31710.625,34.98683089,eth
8/12/2016,20995828.78,39446,726878000,8.38,16042700,32094.0625,792.4889805,eth
9/12/2016,20645364.55,41167,708468000,8.17,12916300,31660.625,31.42794483,eth
10/12/2016,11925119.18,40482,732173000,8.44,8108370,31676.40625,29.02731646,eth
11/12/2016,15829385.28,38810,705363000,8.13,5545500,31778.90625,36.80282475,eth
12/12/2016,8719409.464,38552,711348000,8.19,9119700,31342.5,31.2366663,eth
13/12/2016,9437164.796,44509,740099000,8.52,4486190,31810,30.96445138,eth
14/12/2016,8927974.425,47172,734382000,8.45,7337220,31850.46875,34.88665338,eth
15/12/2016,17485771.48,46010,715861000,8.24,13184400,31367.8125,34.42786761,eth
16/12/2016,11159379.45,43900,683399000,7.86,5178610,31756.40625,30.59438815,eth
17/12/2016,24412481.17,38601,683357000,7.86,8502620,31962.34375,32.80170079,eth
18/12/2016,16997457.54,36461,684028000,7.86,5890020,31889.375,27.72324656,eth
19/12/2016,10881154.82,45061,685054000,7.87,5894760,31473.59375,36.45135777,eth
20/12/2016,10623337.57,44104,664772000,7.63,6313550,31668.90625,43.90159747,eth
21/12/2016,15924311.69,50653,667625000,7.66,9393550,31592.96875,54.7473654,eth
22/12/2016,26347541.75,55081,688380000,7.9,16376700,31074.0625,38.8444056,eth
23/12/2016,47406505.96,44302,660546000,7.58,19613100,31117.34375,29.67366919,eth
24/12/2016,16826263,37674,623759000,7.15,7626020,31326.875,25.81752535,eth
25/12/2016,7694597.85,36546,633792000,7.26,8671840,32008.4375,24.21790154,eth
26/12/2016,5926535.177,34474,622439000,7.13,5836810,31644.6875,23.12041301,eth
27/12/2016,10313120.88,42120,635260000,7.28,8778610,31222.8125,36.39813458,eth
28/12/2016,20743732.76,43225,624359000,7.15,17453300,31575.15625,31.57530443,eth
29/12/2016,34616499.18,46238,658674000,7.54,27543800,31818.75,40.70029321,eth
30/12/2016,27212971.05,44346,724528000,8.29,13909900,31681.5625,44.81091077,eth
31/12/2016,51837132.51,40867,712662000,8.15,9066800,31228.125,28.59880081,eth
1/01/2017,14513154.19,38589,698149000,7.98,14731700,31748.28125,25.26222485,eth
2/01/2017,23344129.89,39436,714900000,8.17,14579600,31527.03125,28.11834106,eth
3/01/2017,42413712.07,45767,732988000,8.37,33625200,31527.03125,40.2453431,eth
4/01/2017,76363631.14,50468,850115000,9.71,41051200,32099.53125,39.50458344,eth
5/01/2017,91265917.83,49435,988599000,11.29,41557400,31817.03125,34.8575779,eth
6/01/2017,76338442.42,43472,901249000,10.29,29471800,31359.53125,31.3190764,eth
7/01/2017,45077673.84,43341,897636000,10.24,23153600,31895,30.18449407,eth
8/01/2017,24698760.51,42522,865667000,9.87,16676600,31684.375,33.02422783,eth
9/01/2017,45508389.47,46035,904682000,10.31,25718300,31750.3125,35.91916969,eth
10/01/2017,47601657.05,48037,909897000,10.37,10879700,31349.375,38.70940401,eth
11/01/2017,48647927.8,45062,925320000,10.54,26823500,31522.96875,34.63413431,eth
12/01/2017,44240441.66,49879,853638000,9.72,30453800,31556.71875,37.08306066,eth
13/01/2017,24531506.15,49841,863241000,9.83,25066600,31730.3125,35.78273198,eth
14/01/2017,9180456.697,41253,859971000,9.79,20085800,31478.125,28.73932336,eth
15/01/2017,5752163.18,41509,864037000,9.83,14837900,31702.03125,29.98149428,eth
16/01/2017,7949127.443,45290,869126000,9.88,14937400,31540.3125,32.52371341,eth
17/01/2017,15014404.17,46563,847981000,9.64,18391900,31296.09375,39.42237022,eth
18/01/2017,8990409.727,44703,906079000,10.3,10788200,31605.46875,33.98421364,eth
19/01/2017,10265112.61,43465,901484000,10.24,8347550,32123.59375,31.29528202,eth
20/01/2017,28039014.26,45344,914696000,10.39,10992800,31121.09375,33.64778008,eth
21/01/2017,10026822.98,43218,933405000,10.6,11937600,31523.75,30.66392686,eth
22/01/2017,10690460.26,47342,961463000,10.91,8678620,31577.8125,35.76865561,eth
23/01/2017,9450645.112,45784,944159000,10.71,7267210,31498.4375,35.01886118,eth
24/01/2017,8468656.934,50273,946083000,10.73,8327330,31420.46875,41.16426041,eth
25/01/2017,10061171.39,46108,936769000,10.62,6751450,31423.59375,37.75670634,eth
26/01/2017,11303630.44,46364,932575000,10.57,8465020,31784.6875,36.45994764,eth
27/01/2017,10846935.45,46437,934404000,10.58,7189170,31114.84375,35.3494287,eth
28/01/2017,6330126.873,44730,930688000,10.54,6580700,31527.96875,33.34500901,eth
29/01/2017,9201417.7,42361,933087000,10.56,4689950,31120,30.61854593,eth
30/01/2017,7308623.911,44857,927415000,10.49,8042180,31928.4375,32.79253846,eth
31/01/2017,13499225.3,43572,933975000,10.56,11648700,31413.90625,32.00903823,eth
1/02/2017,13636761.1,44343,949969000,10.74,12852200,31332.1875,38.11554111,eth
2/02/2017,13212637.04,43516,949793000,10.74,10172500,31414.84375,35.45939736,eth
3/02/2017,17716699.53,42637,956944000,10.81,12897800,31273.28125,34.05935512,eth
4/02/2017,19691428.15,45109,985277000,11.13,14139500,31760.78125,32.97166173,eth
5/02/2017,8525713.455,46416,1013400000,11.44,5942960,31598.4375,34.84082133,eth
6/02/2017,15596703.84,47190,1005930000,11.35,5695440,31626.71875,35.86561362,eth
7/02/2017,14586883.41,51576,1012620000,11.43,7629640,31491.40625,46.068715,eth
8/02/2017,13787002.14,50430,1023170000,11.54,9688630,31704.21875,43.71374165,eth
9/02/2017,15302930.49,47747,1014280000,11.44,18400300,31430.9375,40.68162167,eth
10/02/2017,18152751.79,52086,979961000,11.04,11914200,31496.40625,46.21940355,eth
11/02/2017,10534720.72,46313,1002130000,11.29,7544520,31589.84375,38.49593317,eth
12/02/2017,13747872.87,44806,1008030000,11.35,6264900,31569.6875,40.33677657,eth
13/02/2017,13763287.12,55818,1011080000,11.38,7216520,31734.0625,61.46315439,eth
14/02/2017,39405071.74,58108,1002810000,11.29,42911500,31464.0625,49.83218435,eth
15/02/2017,54719825.23,55165,1159000000,13.04,18464700,31728.28125,90.52776102,eth
16/02/2017,30856857.82,49539,1148860000,12.92,38002600,31539.84375,39.21124029,eth
17/02/2017,33362919.46,49277,1147260000,12.9,11636500,31327.8125,38.84667406,eth
18/02/2017,30281612.47,48518,1130750000,12.71,9370010,31211.71875,44.65269893,eth
19/02/2017,30061119.87,48006,1140870000,12.82,7799740,31267.1875,36.31267429,eth
20/02/2017,31315812.95,49948,1136610000,12.77,12994400,31387.8125,41.03446799,eth
21/02/2017,46791865.2,57673,1099330000,12.34,15183300,31410.625,54.86547967,eth
22/02/2017,34205962.5,50122,1130460000,12.69,10360900,30993.59375,50.95434761,eth
23/02/2017,32761441.34,47425,1122910000,12.6,14522300,31229.53125,43.35249304,eth
24/02/2017,67243503.75,53929,1171110000,13.13,19574400,31263.59375,41.33923814,eth
25/02/2017,41659822.37,53145,1165230000,13.06,18533900,31553.90625,44.66242232,eth
26/02/2017,52028744.25,51599,1206150000,13.52,20307500,31820.15625,39.37900438,eth
27/02/2017,132544745.6,52438,1294770000,14.51,31667000,31246.40625,45.027386,eth
28/02/2017,174797971.2,60103,1379600000,15.45,65478900,31856.09375,50.96269142,eth
1/03/2017,186940115,58598,1415510000,15.85,44927500,31144.84375,54.94297165,eth
2/03/2017,300792236.6,70411,1550750000,17.36,83627100,31628.4375,54.86269424,eth
3/03/2017,313726198.6,63785,1702140000,19.04,95863400,31301.40625,46.4031228,eth
4/03/2017,208574286.2,58648,1745140000,19.52,27341900,31172.65625,42.51942052,eth
5/03/2017,169457980.8,56464,1655030000,18.5,26816300,31561.875,43.43870349,eth
6/03/2017,295314023.1,56907,1725360000,19.28,32432700,31153.125,41.35169202,eth
7/03/2017,203052976,62486,1752530000,19.58,37972200,31068.75,43.80270862,eth
8/03/2017,212481283.8,55239,1690760000,18.88,44304600,31325.9375,40.31748409,eth
9/03/2017,247499354.8,64057,1490500000,16.64,31418400,30809.53125,49.7685971,eth
10/03/2017,239731806,64071,1589640000,17.74,87506800,31027.03125,55.57275643,eth
11/03/2017,308302014.9,64649,1736630000,19.37,69150100,31235.46875,47.96142906,eth
12/03/2017,517866592.7,66483,1924660000,21.46,74628900,30849.53125,48.52902672,eth
13/03/2017,442750583.6,81400,2108300000,23.5,255488000,31612.5,76.36274961,eth
14/03/2017,225085653.9,76374,2563700000,28.57,101797000,31216.09375,74.82260577,eth
15/03/2017,225150556.1,80175,2571160000,28.65,170344000,31373.90625,64.30798953,eth
16/03/2017,1117180281,108541,3174750000,35.36,454418000,31431.71875,85.39888598,eth
17/03/2017,739105975,106214,4125480000,45.93,497534000,31841.875,88.9662026,eth
18/03/2017,1103807283,89682,4211830000,46.87,262180000,31482.34375,60.51984456,eth
19/03/2017,185304176.8,84369,3193600000,35.53,239430000,30994.53125,57.00351035,eth
20/03/2017,295718938.3,79896,4031270000,44.83,154701000,31670.3125,56.94921184,eth
21/03/2017,571528657,83857,3913620000,43.51,91265400,31013.28125,64.21871893,eth
22/03/2017,492878344,78300,3880120000,43.12,113952000,31375.46875,60.19647044,eth
23/03/2017,493762785.6,81959,3831310000,42.57,100724000,30980.9375,60.99908204,eth
24/03/2017,696111016.6,86992,3929230000,43.64,297046000,30840.9375,73.2890179,eth
25/03/2017,648700130.9,84189,4825700000,53.58,223059000,31062.8125,58.09245301,eth
26/03/2017,487923463.6,79266,4574540000,50.77,106859000,31172.34375,58.10472858,eth
27/03/2017,566059625.8,91493,4624990000,51.31,118978000,31005.3125,77.73924607,eth
28/03/2017,547367426,83821,4482160000,49.71,97745300,30555.46875,63.88207324,eth
29/03/2017,671329491.6,92695,4561150000,50.57,144998000,31268.28125,69.32498441,eth
30/03/2017,916961626,95382,4793280000,53.12,86885700,30819.84375,71.10513216,eth
31/03/2017,759502221.1,102296,4671190000,51.75,151416000,31208.28125,77.40067653,eth
1/04/2017,482715533.2,79967,4517510000,50.03,92461900,30850.9375,57.22288136,eth
2/04/2017,770157675.8,88394,4582700000,50.74,134604000,30440.78125,66.26708212,eth
3/04/2017,830889493.3,99398,4411030000,48.82,190513000,31186.25,74.78445755,eth
4/04/2017,370554076.8,85299,3969730000,43.92,157568000,31055.3125,64.97985002,eth
5/04/2017,544152881.1,85874,4037940000,44.66,119733000,31235.3125,68.31268605,eth
6/04/2017,782276419,94118,4089930000,45.22,147120000,30724.375,73.38862289,eth
7/04/2017,220410877.6,91942,3878210000,42.87,81474700,31074.53125,72.41898772,eth
8/04/2017,282769026.1,71142,3783000000,41.8,74138800,30914.375,52.32712425,eth
9/04/2017,300534436.4,73873,4009010000,44.28,55143000,30243.28125,56.80567881,eth
10/04/2017,372554143.7,74824,3919520000,43.28,44061500,30037.1875,63.03860792,eth
11/04/2017,371483185.9,75705,3941100000,43.5,38303300,30450.46875,58.91527217,eth
12/04/2017,345616656.2,77128,3938930000,43.46,88045700,30213.90625,80.68895926,eth
13/04/2017,272035420.1,83923,4198420000,46.31,157200000,30342.96875,61.65846332,eth
14/04/2017,357215623.7,80411,4531810000,49.97,91674400,30989.6875,62.89644005,eth
15/04/2017,169579423.9,74402,4323100000,47.65,66207800,29998.125,57.80525136,eth
16/04/2017,88232975.87,70435,4450140000,49.04,31343800,30503.4375,55.11769542,eth
17/04/2017,116674701.2,71937,4417310000,48.66,44013300,30648.125,60.47329724,eth
18/04/2017,412104388.8,82886,4387860000,48.32,78748500,30519.84375,73.74478176,eth
19/04/2017,491602214.7,85419,4608260000,50.73,76281000,29612.1875,78.39648454,eth
20/04/2017,530048193.8,85221,4373800000,48.13,79600900,30422.1875,71.79277396,eth
21/04/2017,384953527.4,78067,4512610000,49.64,45048300,30477.34375,92.1973651,eth
22/04/2017,334773330.3,71711,4381290000,48.18,37357600,29990.3125,74.92014406,eth
23/04/2017,340187126.5,76480,4420040000,48.59,36234000,30491.25,65.08920182,eth
24/04/2017,418627018.7,78842,4446470000,48.87,55580600,29782.96875,72.97982447,eth
25/04/2017,393516375.3,92688,4557870000,50.07,38264600,30760.3125,78.57420473,eth
26/04/2017,557484799.3,89311,4544370000,49.91,104884000,29332.1875,74.78972386,eth
27/04/2017,806085288.3,104106,4809630000,52.81,246775000,29330,87.31269091,eth
28/04/2017,903826263.5,105817,5669550000,62.23,346546000,29682.03125,79.20596841,eth
29/04/2017,1001663421,90788,6506490000,71.39,165448000,29217.65625,70.2026858,eth
30/04/2017,1105884725,94644,6248840000,68.54,229945000,29368.59375,78.95863027,eth
1/05/2017,1937632279,110258,7234070000,79.32,376842000,29357.5,105.5382141,eth
2/05/2017,1554727337,108370,6992980000,76.65,193773000,29436.40625,112.7346027,eth
3/05/2017,1742786158,96724,7050050000,77.25,141922000,29552.65625,77.31350609,eth
4/05/2017,1827593533,114255,7277480000,79.72,366847000,29423.4375,92.43033996,eth
5/05/2017,2252386791,107872,8833520000,96.73,331928000,29702.03125,84.35330606,eth
6/05/2017,1471707732,94499,8669910000,94.91,151462000,29703.4375,84.36414639,eth
7/05/2017,1945830144,103020,8942950000,97.87,183295000,29880.15625,105.7335058,eth
8/05/2017,1826103302,116795,8569060000,93.75,231344000,29425.9375,95.60596395,eth
9/05/2017,1780786408,111403,8341490000,91.23,363434000,29755,106.6666284,eth
10/05/2017,1700627020,108914,8337180000,91.15,145602000,29614.84375,104.9045369,eth
11/05/2017,2050771951,116565,8213570000,89.77,132722000,29734.53125,109.3933802,eth
12/05/2017,1620912378,106818,8184930000,89.43,145825000,29889.6875,109.0603735,eth
13/05/2017,1189460997,100963,8120390000,88.69,88742200,29253.28125,106.9235883,eth
14/05/2017,1139728998,101004,8322380000,90.87,66046600,28217.5,106.3791366,eth
15/05/2017,1540736376,122367,8316930000,90.78,170999000,28462.34375,132.1233988,eth
16/05/2017,2009373411,115744,8466470000,92.39,152285000,28717.96875,137.1437676,eth
17/05/2017,1271944796,139621,8181520000,89.25,183031000,27898.90625,220.2194372,eth
18/05/2017,850406553.6,136171,8238110000,89.84,196237000,28480.78125,158.4985933,eth
19/05/2017,1462557006,160897,8902240000,97.05,626945000,28381.25,173.9858554,eth
20/05/2017,1249210258,129298,11856600000,129.22,331455000,28652.03125,155.5797697,eth
21/05/2017,1640417573,148968,11705700000,127.54,570361000,28654.0625,160.5231369,eth
22/05/2017,4153831618,174354,14522100000,158.17,1188910000,28769.21875,182.63242,eth
23/05/2017,2761845746,181034,15688000000,170.82,530709000,28576.09375,253.7286422,eth
24/05/2017,2852982715,180045,16779700000,182.65,561014000,28640.625,272.0906793,eth
25/05/2017,2773174453,179296,17446600000,189.85,943637000,28838.90625,218.689885,eth
26/05/2017,2888474091,166190,16107000000,175.22,792458000,28963.75,206.0558265,eth
27/05/2017,1926733373,145853,14696000000,159.82,1217060000,28775.46875,182.12726,eth
28/05/2017,1572111402,151426,14608600000,158.82,717971000,28823.28125,192.5255142,eth
29/05/2017,1775215080,156323,15654600000,170.13,718828000,29537.34375,192.6245581,eth
30/05/2017,2344180196,181584,18004700000,195.61,1586670000,29819.375,319.9258719,eth
31/05/2017,5334431633,209557,21321900000,231.58,1271600000,28748.4375,634.0721771,eth
1/06/2017,3827793741,195360,21264800000,230.89,812924000,28069.375,253.2934708,eth
2/06/2017,3624492420,185253,20479000000,222.29,469532000,26820.625,291.5978415,eth
3/06/2017,3452075428,170166,20593500000,223.46,427896000,27526.40625,228.1346958,eth
4/06/2017,3094206584,175521,20659800000,224.12,753820000,27232.5,255.7138709,eth
5/06/2017,4190970649,186633,22615800000,245.26,435660000,27789.84375,219.924347,eth
6/06/2017,5051941798,193969,22930400000,248.6,741553000,27483.75,265.0757626,eth
7/06/2017,4737149883,201429,24382200000,264.26,461649000,27770.78125,277.9634687,eth
8/06/2017,4002545144,182427,23810900000,257.99,385494000,27631.25,239.51528,eth
9/06/2017,4199030482,210512,24165000000,261.75,557986000,27650,250.5084808,eth
10/06/2017,3164855224,210536,26043700000,282.01,1611630000,28158.75,214.5596411,eth
11/06/2017,4126002387,230747,31296800000,338.79,1373220000,27926.71875,313.8776096,eth
12/06/2017,8932911028,286432,31525300000,341.16,2882650000,28100.625,512.809391,eth
13/06/2017,8470010560,275543,36574500000,395.69,1717380000,28276.09375,294.6420993,eth
14/06/2017,5295997086,246247,36761600000,397.59,1272580000,28268.75,254.7583744,eth
15/06/2017,7031969221,263508,33158200000,358.51,2463450000,25855.15625,260.1381674,eth
16/06/2017,6928024315,344218,33415800000,361.18,1096280000,27935.46875,264.9105411,eth
17/06/2017,4004585964,341960,34231300000,369.88,904653000,26645.15625,236.7781884,eth
18/06/2017,3669470355,329939,35133800000,379.52,904703000,27422.5,254.1963906,eth
19/06/2017,4390329755,406174,34435700000,371.86,685172000,27560.625,282.6396424,eth
20/06/2017,5692946751,417432,34304000000,370.33,1020390000,24869.21875,690.5023483,eth
21/06/2017,2548121987,349131,33310500000,359.54,1420130000,24535.15625,918.1141254,eth
22/06/2017,3053750499,403296,31302600000,337.73,925767000,24743.4375,700.7871655,eth
23/06/2017,3788164615,427259,31195900000,336.49,593207000,24618.59375,478.1657793,eth
24/06/2017,4124543194,388811,31681300000,341.63,673585000,25722.34375,652.9528823,eth
25/06/2017,1492438920,364597,30005900000,323.47,1186880000,24701.875,411.7214897,eth
26/06/2017,3503196592,442793,28111200000,302.95,2081810000,24902.8125,875.3109763,eth
27/06/2017,3427379222,398521,25309700000,272.69,1973870000,25069.84375,332.032513,eth
28/06/2017,3233456647,441630,27207000000,293.04,2056550000,24881.40625,773.2360915,eth
29/06/2017,3829390101,419197,30495300000,328.37,1508580000,25212.65625,466.2823938,eth
30/06/2017,3179480133,402513,28161900000,303.15,1011800000,25249.375,352.3445023,eth
1/07/2017,3002869355,351761,27259400000,293.35,1089200000,25113.125,315.7446432,eth
2/07/2017,2095599279,379814,25572800000,275.12,1123330000,25233.59375,317.4682438,eth
3/07/2017,7326378244,449992,26815900000,288.41,851408000,25336.875,425.9203162,eth
4/07/2017,5826926510,423957,26245000000,282.19,687691000,25471.40625,377.0470052,eth
5/07/2017,2096519936,403642,25406900000,273.1,790256000,25001.5625,409.0909709,eth
6/07/2017,2348295773,393336,25019500000,268.86,623080000,25300.3125,304.7714335,eth
7/07/2017,2559221992,446446,25160800000,270.35,687252000,25497.96875,356.2938069,eth
8/07/2017,1943725082,374114,22890700000,245.89,754958000,25502.65625,360.2742075,eth
9/07/2017,948511007.7,330605,23454700000,251.82,505118000,25532.03125,256.1128165,eth
10/07/2017,2798921549,415763,22640500000,243.01,937219000,23030.46875,261.5986725,eth
11/07/2017,2966189291,450430,19712300000,211.53,1440950000,22656.875,287.2903194,eth
12/07/2017,2741844048,422878,18377600000,197.15,1241190000,22602.34375,330.3342288,eth
13/07/2017,5304153623,407534,21613900000,231.81,828489000,22610.3125,327.4218799,eth
14/07/2017,5366242833,377407,19541300000,209.53,749382000,22561.875,275.8806088,eth
15/07/2017,5025319953,352616,18630200000,199.71,810452000,23062.34375,288.0406269,eth
16/07/2017,4568183761,391933,15823100000,169.57,1516890000,22922.1875,276.7313205,eth
17/07/2017,3791745461,401003,14932700000,159.99,1669500000,22345.78125,281.5090484,eth
18/07/2017,5375296738,409161,18207400000,195.03,2709260000,22804.6875,423.6779429,eth
19/07/2017,5868689957,399573,21939300000,234.94,2328790000,23239.21875,324.8387505,eth
20/07/2017,4396572432,373649,19187800000,205.42,2225000000,23215.9375,256.13319,eth
21/07/2017,4864033488,347325,21121100000,226.06,1006130000,22762.1875,309.6415566,eth
22/07/2017,1083515089,300837,20360100000,217.86,618260000,23289.21875,224.8256033,eth
23/07/2017,1676938439,382872,21418300000,229.12,649615000,23348.90625,288.4939977,eth
24/07/2017,4889156211,394706,21158500000,226.28,431691000,22957.03125,309.4402751,eth
25/07/2017,5291442942,356195,20985200000,224.37,1095760000,23482.03125,355.4861377,eth
26/07/2017,3991629923,317219,19373400000,207.09,717692000,23302.5,294.3839206,eth
27/07/2017,4408021299,307538,19169800000,204.86,393283000,23218.28125,263.9442453,eth
28/07/2017,5145610856,335031,19125100000,204.32,562571000,23294.53125,281.9822899,eth
29/07/2017,4355985847,282612,18101800000,193.34,824355000,23459.375,204.1749346,eth
30/07/2017,3006725431,299612,19360900000,206.74,596234000,23569.53125,208.0367153,eth
31/07/2017,1807949833,352997,18492000000,197.41,569414000,22731.71875,231.2010839,eth
1/08/2017,2107973519,350600,19179100000,204.69,1585330000,20475.46875,263.5994019,eth
2/08/2017,2151422273,371975,21275200000,227.01,632606000,20257.8125,236.9954219,eth
3/08/2017,1795175475,391138,20640100000,220.18,557217000,19923.90625,236.5028087,eth
4/08/2017,1850695617,399648,21125600000,225.31,539783000,20245.625,220.0283579,eth
5/08/2017,2122004204,413322,20900000000,222.85,1333000000,20212.1875,236.0767088,eth
6/08/2017,2347160458,411736,24053500000,256.42,1482980000,20205.625,244.9784373,eth
7/08/2017,2684613829,448212,24511000000,261.24,935727000,20516.5625,323.3490865,eth
8/08/2017,3097680461,486248,25254600000,269.1,1502410000,20512.8125,339.0838202,eth
9/08/2017,3455587723,503481,27938700000,297.63,2638580000,20612.5,268.527475,eth
10/08/2017,7041422353,517329,27882200000,296.96,1076820000,20198.125,313.1476575,eth
11/08/2017,13882780053,549003,27657000000,294.5,953576000,20580.15625,354.1621044,eth
12/08/2017,8657911791,530077,28998700000,308.71,1111650000,20618.4375,344.9860955,eth
13/08/2017,9599978181,565378,29161100000,310.37,1369370000,20699.6875,304.6405826,eth
14/08/2017,7394050400,645845,28008700000,298.03,864391000,20718.75,345.515738,eth
15/08/2017,5985714057,814721,28195800000,299.95,1051800000,20721.25,383.7452491,eth
16/08/2017,4675624237,684742,27249700000,289.82,967643000,20898.28125,1168.463266,eth
17/08/2017,4831553914,647077,28477500000,302.81,909494000,20791.09375,690.5466421,eth
18/08/2017,4931578179,672348,28380200000,301.7,936160000,20743.59375,1018.695225,eth
19/08/2017,3627643762,605002,27867900000,296.18,860202000,21114.375,471.9183433,eth
20/08/2017,3111044569,508308,27918100000,296.64,571947000,20833.125,293.1477911,eth
21/08/2017,3913017207,588153,28285500000,300.48,2448970000,21227.65625,329.8688243,eth
22/08/2017,3810143705,534535,30229900000,321.06,1336400000,20988.90625,325.3501223,eth
23/08/2017,4223415466,563162,29691900000,315.27,811990000,21141.25,315.8813612,eth
24/08/2017,3924316551,521887,29904600000,317.45,697665000,20984.21875,322.8598952,eth
25/08/2017,3552382283,495900,30727900000,326.11,760329000,17812.03125,310.1367595,eth
26/08/2017,1889888073,461123,31288300000,331.99,514181000,17537.03125,297.916683,eth
27/08/2017,6697437561,481083,31517500000,334.36,633370000,17612.34375,275.3354401,eth
28/08/2017,10043892041,560756,33002700000,350.04,854319000,17277.34375,323.1205493,eth
29/08/2017,7539151328,602220,32813200000,347.96,1220030000,17759.53125,516.1706156,eth
30/08/2017,13396788174,601867,34848400000,369.47,1333320000,17706.40625,433.3801113,eth
31/08/2017,6521652201,572744,35701500000,378.44,706254000,17419.21875,737.5526008,eth
1/09/2017,6144827891,601810,36182900000,383.47,874222000,17653.125,515.416187,eth
2/09/2017,5536633734,524814,36601200000,387.82,1483600000,17750,613.6621159,eth
3/09/2017,3864042743,474735,33059800000,350.23,986266000,17732.65625,296.6845437,eth
4/09/2017,6006271394,659723,32774000000,347.13,1801690000,17685.46875,487.7674961,eth
5/09/2017,4900477491,644690,28100000000,297.57,1551050000,17846.875,615.8090011,eth
6/09/2017,5315635710,685270,29639100000,313.8,1058830000,17603.90625,770.2774186,eth
7/09/2017,3937901505,660758,31507500000,333.52,718624000,17790.15625,734.2395843,eth
8/09/2017,4515354221,698014,31147200000,329.64,1098780000,18011.5625,758.749007,eth
9/09/2017,6069110905,584567,27990500000,296.17,528621000,17853.90625,441.0351204,eth
10/09/2017,5109759920,496832,27797200000,294.06,698326000,17915.625,413.2975693,eth
11/09/2017,4465225629,545781,27394400000,289.75,571307000,17798.59375,393.332823,eth
12/09/2017,4634423671,594680,27861800000,294.63,753144000,18066.25,519.9774662,eth
13/09/2017,3001242533,536275,27535700000,291.12,921692000,17728.90625,463.0586576,eth
14/09/2017,4323615835,558357,26166100000,276.59,1184590000,18046.5625,408.7683296,eth
15/09/2017,4080945835,696814,20364900000,215.22,1935700000,18138.28125,636.9715368,eth
16/09/2017,2629586889,558585,23742600000,250.87,711737000,18096.71875,660.8595493,eth
17/09/2017,3001870120,437778,23272500000,245.85,427452000,18192.65625,371.1830681,eth
18/09/2017,4785146550,567416,23881200000,252.23,1127750000,17836.875,403.163138,eth
19/09/2017,4460410367,498316,27809300000,293.66,646909000,18189.21875,385.0734234,eth
20/09/2017,2812507991,502172,26712400000,282.01,421404000,18046.40625,656.8346404,eth
21/09/2017,2740826682,494128,26836000000,283.26,601266000,18269.53125,325.903199,eth
22/09/2017,2236727274,437571,24458400000,258.11,430081000,15034.21875,306.1125194,eth
23/09/2017,2062666201,401938,25077100000,264.6,450934000,14443.28125,315.5243386,eth
24/09/2017,1947858280,398649,27129900000,286.21,571411000,14720.15625,440.0896943,eth
25/09/2017,2523933576,439255,26755500000,282.22,483161000,14207.5,383.1482721,eth
26/09/2017,2713742545,445627,27720000000,292.35,345801000,14501.875,385.7751789,eth
27/09/2017,2720628106,461961,27219400000,287.02,550244000,14555.46875,422.7103634,eth
28/09/2017,3050059575,480369,29068700000,306.47,501894000,14308.59375,370.1604724,eth
29/09/2017,2525881522,473601,28375900000,299.12,541375000,14173.75,330.886158,eth
30/09/2017,1919397326,451352,27655200000,291.48,332439000,14229.53125,371.9574814,eth
1/10/2017,1429555715,445259,28615200000,301.55,306185000,14342.65625,358.6133294,eth
2/10/2017,2248921591,459314,28708500000,302.48,339443000,14244.84375,356.9305788,eth
3/10/2017,6819304061,498380,28238500000,297.48,321680000,14344.6875,381.2463957,eth
4/10/2017,4477045219,470983,27794100000,292.75,257906000,14465.3125,385.3871522,eth
5/10/2017,2825885451,451505,27800400000,292.77,253747000,14759.53125,418.9830779,eth
6/10/2017,2843603023,482833,28031100000,295.15,318664000,14271.5625,437.2553311,eth
7/10/2017,2365679044,454939,29340400000,308.89,342205000,14270.78125,316.2763451,eth
8/10/2017,2735537412,478010,29550900000,311.06,293167000,14427.03125,357.3478003,eth
9/10/2017,3316023899,481422,29328300000,308.67,559467000,14441.875,379.8447617,eth
10/10/2017,3370432571,499114,28281400000,297.6,359706000,14611.25,417.7934975,eth
11/10/2017,3046594246,484898,28626300000,301.18,264146000,14611.71875,938.4151008,eth
12/10/2017,3429365653,528554,28851200000,303.5,527557000,14530.9375,421.9570344,eth
13/10/2017,4462594976,557443,28911100000,304.08,1304360000,14493.4375,474.9040483,eth
14/10/2017,3534021736,503032,32222400000,338.85,516562000,14470.3125,398.0496139,eth
15/10/2017,3286553232,478898,32292100000,339.53,635407000,14662.65625,386.38893,eth
16/10/2017,2608276200,637365,32029200000,336.71,692885000,15015.5625,337.1164751,eth
17/10/2017,3932266736,720550,31727700000,333.48,509924000,18231,322.8472441,eth
18/10/2017,4775131749,679972,30160500000,316.94,606114000,18732.28125,299.3709448,eth
19/10/2017,3998651413,707101,29937900000,314.54,349830000,18792.28125,283.9296249,eth
20/10/2017,3618299532,775704,29326300000,308.05,396673000,18782.25,491.6724184,eth
21/10/2017,3263590352,619830,28906600000,303.57,408014000,18745.59375,230.0980114,eth
22/10/2017,2856521176,609271,28624800000,300.55,327387000,18901.875,196.1348006,eth
23/10/2017,3920116193,708489,28111400000,295.1,482336000,18830.90625,269.725566,eth
24/10/2017,3819438744,815572,27357500000,287.12,684281000,18816.46875,357.0951441,eth
25/10/2017,3159565983,697726,28442000000,298.44,325040000,18596.71875,290.6658815,eth
26/10/2017,2989151319,673986,28408400000,298.02,270273000,18540.65625,275.041131,eth
27/10/2017,3150404906,662606,28270100000,296.51,257169000,18758.25,297.4555437,eth
28/10/2017,3840266541,639828,28410400000,297.92,264424000,18789.375,241.1676281,eth
29/10/2017,3492049834,645592,28270200000,296.38,551752000,18651.1875,242.5466925,eth
30/10/2017,3394946896,709715,29077600000,304.78,331442000,18291.46875,295.6101972,eth
31/10/2017,3642610807,749164,29331500000,307.38,369583000,18897.5625,330.6040312,eth
1/11/2017,4402209077,730764,29183600000,305.76,553864000,18498.46875,370.4656949,eth
2/11/2017,4763989883,743808,27754200000,290.73,904901000,18506.53125,373.8648318,eth
3/11/2017,3724798216,669358,27547400000,288.5,646340000,18690.9375,278.6957341,eth
4/11/2017,2656777733,583801,29175300000,305.48,416479000,18652.3125,212.0775251,eth
5/11/2017,2457925717,588534,28661500000,300.04,337658000,18964.96875,199.7490406,eth
6/11/2017,2994578756,703402,28322700000,296.43,579359000,18663.375,268.7983039,eth
7/11/2017,2545684326,648796,28533300000,298.57,540766000,18704.15625,315.0444979,eth
8/11/2017,3598303210,729626,28128700000,294.27,967956000,18770.15625,379.9288537,eth
9/11/2017,5882499954,802271,29509000000,308.64,893250000,18654.84375,324.9137747,eth
10/11/2017,4533883360,745294,30665200000,320.67,885986000,18965.34375,291.6887389,eth
11/11/2017,3932036836,637545,28559400000,298.59,842301000,18865.40625,232.9537621,eth
12/11/2017,5724273863,692919,30106200000,314.69,1613480000,18793.59375,297.7995624,eth
13/11/2017,3666487969,695818,29379000000,307.02,1041890000,18744.5625,309.3854351,eth
14/11/2017,3684566856,724879,30317300000,316.76,1069680000,18433.40625,335.9795272,eth
15/11/2017,5820319297,819623,32353200000,337.96,722666000,18782.4375,412.6625504,eth
16/11/2017,5279416072,782916,31927300000,333.44,797254000,18532.40625,353.5070828,eth
17/11/2017,5261876691,815425,31620300000,330.17,621733000,18770.625,373.4867643,eth
18/11/2017,4363959988,681599,31800700000,331.98,649639000,18712.3125,255.6096205,eth
19/11/2017,4569260114,686554,33284900000,347.4,1181530000,18863.15625,282.2871076,eth
20/11/2017,6269400340,782585,33933400000,354.09,807027000,18602.71875,371.5081441,eth
21/11/2017,6222179306,742872,35220200000,367.44,949912000,18597,363.8857553,eth
22/11/2017,6187982459,768914,34544000000,360.31,800819000,18796.3125,365.4892339,eth
23/11/2017,6513386520,783395,36577300000,381.44,1845680000,18641.15625,363.134861,eth
24/11/2017,5979993874,804707,39564300000,412.5,2292830000,18770.25,312.0030804,eth
25/11/2017,8016708848,818059,45633400000,475.68,1422080000,18671.4375,289.4549522,eth
26/11/2017,7473572372,828013,44712100000,465.97,1197780000,18581.4375,355.1085678,eth
27/11/2017,9675728001,926711,45255000000,471.53,1396480000,18337.875,369.1471538,eth
28/11/2017,11915779528,1000276,46127200000,480.52,1346500000,18362.625,423.2037431,eth
29/11/2017,13459539646,990137,45442100000,473.28,2675940000,18408.65625,444.2834575,eth
30/11/2017,11410753454,958902,41411900000,431.21,1903040000,18531.75,423.1527423,eth
1/12/2017,9725050125,927331,42765000000,445.21,1247880000,18463.6875,416.0732981,eth
2/12/2017,10661112935,909899,44853300000,466.85,943650000,18239.4375,344.5045965,eth
3/12/2017,9973575892,1027441,44560500000,463.7,990557000,18175.40625,407.152401,eth
4/12/2017,9819332370,1052242,44795700000,466.05,1005550000,17147.34375,804.106265,eth
5/12/2017,4901911006,1032815,45212800000,470.29,1216720000,16916.8125,1183.244509,eth
6/12/2017,6861199846,1121267,44483100000,462.6,1998260000,16587.84375,1540.650625,eth
7/12/2017,5014539156,1015206,41007600000,426.37,2129570000,17535.375,2239.289048,eth
8/12/2017,4186246333,1172793,41845800000,434.99,2336380000,17529.09375,2315.319813,eth
9/12/2017,3229381033,1100424,44005600000,457.34,2003850000,17563.125,2126.409908,eth
10/12/2017,3212387869,1151603,45501400000,472.79,1404180000,17463.5625,1918.268035,eth
11/12/2017,3029420791,1282978,42389300000,440.36,1771440000,17367.75,1531.823684,eth
12/12/2017,7379303372,1318300,50286400000,522.29,5179830000,17280.28125,1559.061195,eth
13/12/2017,7121890999,1137119,62105600000,644.91,4524540000,18906.09375,1445.2853,eth
14/12/2017,8546375984,942559,67482900000,700.59,3821580000,20787.65625,1714.108153,eth
15/12/2017,7038718838,904346,67090900000,696.38,2758710000,20829.84375,1455.136989,eth
16/12/2017,5698556827,899857,66124200000,686.19,2165690000,20382.375,1468.251251,eth
17/12/2017,5619825553,876574,67106400000,696.24,2147390000,20346.9375,1172.634386,eth
18/12/2017,6265539681,984021,69578400000,721.73,3249230000,20561.71875,1161.928902,eth
19/12/2017,8953367689,1092234,76552200000,793.9,4096550000,20631.375,1487.482223,eth
20/12/2017,10787319533,986104,79810600000,827.52,3969940000,20631.375,1731.489837,eth
21/12/2017,10869093025,1072665,79125300000,820.24,3569060000,20414.8125,1760.206791,eth
22/12/2017,11834908291,1103523,79374400000,822.64,4977710000,20571.28125,1640.148074,eth
23/12/2017,6485777934,918881,65752100000,681.32,2480340000,20835.28125,1207.05967,eth
24/12/2017,5365151225,758234,69671200000,721.77,2300550000,20504.15625,1024.10605,eth
25/12/2017,4380048429,752361,67475100000,698.87,2491760000,20446.875,756.7676749,eth
26/12/2017,6763153532,813510,73717800000,763.37,2201160000,20383.6875,743.0628659,eth
27/12/2017,7865086383,912752,74854100000,774.97,2100030000,20533.125,826.1818048,eth
28/12/2017,9632919662,949503,73637100000,762.21,2389150000,20434.125,832.9628957,eth
29/12/2017,10883827032,1090191,71544300000,740.39,2648970000,20461.21875,1007.437081,eth
30/12/2017,12309976248,1136659,72856900000,753.82,3187780000,20547.46875,972.7447595,eth
31/12/2017,6448929794,946981,68850800000,712.21,2554270000,20454.75,871.2215219,eth
1/01/2018,6237383004,908945,73075800000,755.76,2595760000,20623.96875,768.4409065,eth
2/01/2018,10807957387,1153936,74695700000,772.35,5783350000,20561.0625,1053.030166,eth
3/01/2018,12393184008,1238030,85703500000,886,5093160000,20599.21875,1240.294973,eth
4/01/2018,19471098885,1349890,93049400000,961.71,6502860000,20963.25,1483.652749,eth
5/01/2018,18083099228,1271577,94423900000,975.75,6683150000,20917.5,3180.85648,eth
6/01/2018,15341970466,1226417,96326500000,995.15,4662220000,20948.90625,3641.860338,eth
7/01/2018,12825937015,1152722,1.01E+11,1043.01,5569880000,21180.1875,2910.38204,eth
8/01/2018,17551600313,1215473,1.12E+11,1158.26,8450970000,20603.4375,2944.30486,eth
9/01/2018,18481672680,1256240,1.11E+11,1146,7965460000,20735.8125,3091.626897,eth
10/01/2018,22594117878,1177685,1.26E+11,1300.34,9214950000,21081.9375,3696.646402,eth
11/01/2018,20036882281,1173965,1.23E+11,1268.09,7235900000,21031.40625,3132.478755,eth
12/01/2018,18643231121,1167569,1.19E+11,1212.22,7867300000,21001.04555,2898.478755,eth
